index,0
ORIGINAL,1.8524590163934427
SMOTE_SVM,2.7540983606557377
BORDERLINE1,3.6065573770491803
SMOTE,3.7704918032786887
DELAUNAY,4.180327868852459
BORDERLINE2,4.836065573770492
