index,0
ORIGINAL,2.639344262295082
SMOTE,3.2049180327868854
DELAUNAY,3.221311475409836
SMOTE_SVM,3.4508196721311477
BORDERLINE1,3.80327868852459
BORDERLINE2,4.680327868852459
