index,0
SMOTE_SVM,2.877049180327869
BORDERLINE1,3.2950819672131146
SMOTE,3.3442622950819674
DELAUNAY,3.69672131147541
ORIGINAL,3.7295081967213113
BORDERLINE2,4.057377049180328
