index,0
ORIGINAL,2.5163934426229506
SMOTE_SVM,2.7704918032786887
SMOTE,3.1311475409836067
BORDERLINE1,3.2868852459016393
DELAUNAY,3.9754098360655736
BORDERLINE2,5.319672131147541
