index,0
ORIGINAL,2.8278688524590163
SMOTE,2.9508196721311477
SMOTE_SVM,3.262295081967213
DELAUNAY,3.6311475409836067
BORDERLINE1,3.7459016393442623
BORDERLINE2,4.581967213114754
