index,0
SMOTE_SVM,2.901639344262295
SMOTE,3.2295081967213113
ORIGINAL,3.4508196721311477
DELAUNAY,3.6065573770491803
BORDERLINE1,3.7459016393442623
BORDERLINE2,4.065573770491803
