index,0
SMOTE,2.6147540983606556
SMOTE_SVM,2.80327868852459
BORDERLINE1,3.1475409836065573
BORDERLINE2,3.7295081967213113
DELAUNAY,3.819672131147541
ORIGINAL,4.885245901639344
