index,0
BORDERLINE2,3.0163934426229506
DELAUNAY,3.057377049180328
SMOTE_SVM,3.5245901639344264
ORIGINAL,3.639344262295082
SMOTE,3.7131147540983607
BORDERLINE1,4.049180327868853
