index,0
ORIGINAL,2.8360655737704916
SMOTE_SVM,3.139344262295082
SMOTE,3.262295081967213
DELAUNAY,3.5327868852459017
BORDERLINE1,3.639344262295082
BORDERLINE2,4.590163934426229
