index,0
ORIGINAL,2.6065573770491803
SMOTE_SVM,2.8688524590163933
BORDERLINE1,3.5
DELAUNAY,3.540983606557377
SMOTE,3.5655737704918034
BORDERLINE2,4.918032786885246
