index,0
SMOTE_SVM,2.622950819672131
SMOTE,3.0
BORDERLINE1,3.4672131147540983
DELAUNAY,3.5081967213114753
BORDERLINE2,3.8524590163934427
ORIGINAL,4.549180327868853
