index,0
ORIGINAL,1.901639344262295
SMOTE_SVM,3.0163934426229506
DELAUNAY,3.3114754098360657
BORDERLINE1,3.8278688524590163
SMOTE,4.0
BORDERLINE2,4.942622950819672
