index,0
SMOTE_SVM,2.7704918032786887
BORDERLINE1,3.2540983606557377
SMOTE,3.3524590163934427
ORIGINAL,3.6475409836065573
DELAUNAY,3.9836065573770494
BORDERLINE2,3.9918032786885247
