index,0
SMOTE_SVM,2.7868852459016393
SMOTE,2.9262295081967213
BORDERLINE2,2.9344262295081966
BORDERLINE1,3.2131147540983607
DELAUNAY,3.7704918032786887
ORIGINAL,5.368852459016393
