index,0
BORDERLINE2,2.7295081967213113
SMOTE,2.959016393442623
BORDERLINE1,2.9754098360655736
DELAUNAY,3.237704918032787
SMOTE_SVM,3.3688524590163933
ORIGINAL,5.729508196721311
