index,0
SMOTE,2.942622950819672
SMOTE_SVM,3.2131147540983607
ORIGINAL,3.4918032786885247
DELAUNAY,3.69672131147541
BORDERLINE1,3.737704918032787
BORDERLINE2,3.918032786885246
