index,0
BORDERLINE2,2.2704918032786887
SMOTE_SVM,3.1721311475409837
BORDERLINE1,3.3524590163934427
SMOTE,3.3852459016393444
DELAUNAY,3.442622950819672
ORIGINAL,5.377049180327869
