index,0
ORIGINAL,2.639344262295082
SMOTE,3.1557377049180326
DELAUNAY,3.262295081967213
SMOTE_SVM,3.4262295081967213
BORDERLINE1,3.80327868852459
BORDERLINE2,4.713114754098361
