index,0
SMOTE_SVM,2.6311475409836067
SMOTE,3.0163934426229506
BORDERLINE1,3.4754098360655736
DELAUNAY,3.4836065573770494
BORDERLINE2,3.8524590163934427
ORIGINAL,4.540983606557377
