index,0
BORDERLINE2,2.9098360655737703
SMOTE_SVM,3.040983606557377
SMOTE,3.1721311475409837
DELAUNAY,3.3442622950819674
BORDERLINE1,3.5081967213114753
ORIGINAL,5.024590163934426
