index,0
SMOTE,2.9754098360655736
SMOTE_SVM,3.0327868852459017
DELAUNAY,3.0901639344262297
BORDERLINE1,3.2540983606557377
BORDERLINE2,3.7459016393442623
ORIGINAL,4.901639344262295
