index,0
SMOTE_SVM,2.6475409836065573
SMOTE,3.0163934426229506
DELAUNAY,3.2049180327868854
BORDERLINE1,3.5737704918032787
BORDERLINE2,3.9836065573770494
ORIGINAL,4.573770491803279
