index,0
ORIGINAL,2.5081967213114753
SMOTE_SVM,2.6311475409836067
BORDERLINE1,3.2868852459016393
SMOTE,3.3852459016393444
BORDERLINE2,4.524590163934426
DELAUNAY,4.663934426229508
