index,0
BORDERLINE2,2.6475409836065573
SMOTE,2.7868852459016393
BORDERLINE1,2.9836065573770494
SMOTE_SVM,3.0901639344262297
DELAUNAY,4.057377049180328
ORIGINAL,5.434426229508197
