index,0
ORIGINAL,1.6557377049180328
SMOTE_SVM,2.8524590163934427
BORDERLINE1,3.598360655737705
SMOTE,3.69672131147541
DELAUNAY,4.377049180327869
BORDERLINE2,4.819672131147541
