index,0
SMOTE_SVM,2.4918032786885247
ORIGINAL,2.8360655737704916
SMOTE,3.319672131147541
BORDERLINE1,3.4836065573770494
DELAUNAY,4.147540983606557
BORDERLINE2,4.721311475409836
