index,0
SMOTE,3.221311475409836
ORIGINAL,3.2295081967213113
DELAUNAY,3.5163934426229506
SMOTE_SVM,3.5901639344262297
BORDERLINE1,3.7131147540983607
BORDERLINE2,3.7295081967213113
