index,0
BORDERLINE2,2.8852459016393444
DELAUNAY,3.4344262295081966
SMOTE_SVM,3.4672131147540983
SMOTE,3.6147540983606556
ORIGINAL,3.639344262295082
BORDERLINE1,3.959016393442623
