index,0
SMOTE_SVM,2.9508196721311477
BORDERLINE1,3.057377049180328
BORDERLINE2,3.081967213114754
SMOTE,3.221311475409836
DELAUNAY,3.442622950819672
ORIGINAL,5.245901639344262
