index,0
SMOTE_SVM,2.6721311475409837
SMOTE,3.237704918032787
BORDERLINE1,3.2950819672131146
ORIGINAL,3.442622950819672
DELAUNAY,3.860655737704918
BORDERLINE2,4.491803278688525
