index,0
SMOTE_SVM,2.540983606557377
ORIGINAL,2.860655737704918
SMOTE,3.459016393442623
BORDERLINE1,3.6147540983606556
DELAUNAY,3.6639344262295084
BORDERLINE2,4.860655737704918
