index,0
SMOTE_SVM,2.901639344262295
SMOTE,3.2131147540983607
ORIGINAL,3.4508196721311477
DELAUNAY,3.6475409836065573
BORDERLINE1,3.7131147540983607
BORDERLINE2,4.073770491803279
