index,0
SMOTE,3.2049180327868854
DELAUNAY,3.278688524590164
ORIGINAL,3.2868852459016393
SMOTE_SVM,3.6557377049180326
BORDERLINE1,3.7295081967213113
BORDERLINE2,3.8442622950819674
