index,0
SMOTE_SVM,2.4508196721311477
ORIGINAL,2.8114754098360657
SMOTE,3.278688524590164
BORDERLINE1,3.4508196721311477
DELAUNAY,4.344262295081967
BORDERLINE2,4.663934426229508
