index,0
ORIGINAL,2.5163934426229506
SMOTE,2.9672131147540983
SMOTE_SVM,3.237704918032787
BORDERLINE1,3.6557377049180326
DELAUNAY,4.155737704918033
BORDERLINE2,4.467213114754099
