index,0
ORIGINAL,2.459016393442623
SMOTE_SVM,2.6557377049180326
SMOTE,2.959016393442623
BORDERLINE1,3.098360655737705
DELAUNAY,4.663934426229508
BORDERLINE2,5.163934426229508
