index,0
ORIGINAL,1.6639344262295082
SMOTE_SVM,2.8278688524590163
BORDERLINE1,3.581967213114754
SMOTE,3.762295081967213
DELAUNAY,4.188524590163935
BORDERLINE2,4.975409836065574
