index,0
SMOTE,2.6147540983606556
SMOTE_SVM,2.8278688524590163
BORDERLINE1,3.1885245901639343
DELAUNAY,3.69672131147541
BORDERLINE2,3.80327868852459
ORIGINAL,4.868852459016393
