index,0
SMOTE_SVM,2.6147540983606556
SMOTE,2.9508196721311477
DELAUNAY,3.3688524590163933
BORDERLINE1,3.5163934426229506
BORDERLINE2,3.9754098360655736
ORIGINAL,4.573770491803279
